<environmentvariabledefinition schemaname="cat_DomainsList">
  <description default="Specify a list of domains you want to show, use the ';' as seperator">
    <label description="Specify a list of domains you want to show, use the ';' as seperator" languagecode="1033" />
  </description>
  <displayname default="DomainsList">
    <label description="DomainsList" languagecode="1033" />
  </displayname>
  <introducedversion>1.0.0.0</introducedversion>
  <iscustomizable>1</iscustomizable>
  <isrequired>0</isrequired>
  <secretstore>0</secretstore>
  <type>100000000</type>
</environmentvariabledefinition>