<ImportExportXml xmlns:xsi="http://www.w3.org/2001/XMLSchema-instance">
  <Entities></Entities>
  <Roles></Roles>
  <Workflows></Workflows>
  <FieldSecurityProfiles></FieldSecurityProfiles>
  <Templates />
  <EntityMaps />
  <EntityRelationships />
  <OrganizationSettings />
  <optionsets />
  <CustomControls>
    <CustomControl>
      <Name>rui_SolutionExplorerNamespace.SolutionExplorerControl</Name>
      <FileName>/Controls/rui_SolutionExplorerNamespace.SolutionExplorerControl/ControlManifest.xml</FileName>
    </CustomControl>
    <CustomControl>
      <Name>rui_iframeControlRuiSantos.IFrameControlV2</Name>
      <FileName>/Controls/rui_iframeControlRuiSantos.IFrameControlV2/ControlManifest.xml</FileName>
    </CustomControl>
    <CustomControl>
      <Name>rui_iframeControlRuiSantos.IFrameControlV6</Name>
      <FileName>/Controls/rui_iframeControlRuiSantos.IFrameControlV6/ControlManifest.xml</FileName>
    </CustomControl>
  </CustomControls>
  <EntityDataProviders />
  <Languages>
    <Language>1033</Language>
  </Languages>
</ImportExportXml>