<manifest><control namespace="Rui.RemoteAssist" constructor="OTCComponentv4" version="0.0.5" display-name-key="OTCComponentv4" description-key="OTCComponent description" control-type="standard" api-version="1.2.3"><property name="StartDate" display-name-key="StartDate" description-key="StartDateDesc" of-type="SingleLine.Text" usage="bound" required="true" /><property name="EndDate" display-name-key="EndDate" description-key="EndDateDesc" of-type="SingleLine.Text" usage="bound" required="true" /><property name="Title" display-name-key="Title" description-key="TitleDesc" of-type="SingleLine.Text" usage="bound" required="true" /><property name="TriggerGenerate" display-name-key="TriggerGenerate" description-key="Change this value to generate a new call link" of-type="SingleLine.Text" usage="bound" required="true" /><property name="ClientLink" display-name-key="ClientLink" description-key="Link to send to client" of-type="SingleLine.Text" usage="output" /><property name="ExpertLink" display-name-key="ExpertLink" description-key="Link to be used by expert" of-type="SingleLine.Text" usage="output" /><resources><code path="bundle.js" order="1" /></resources><built-by name="pac" version="1.3.6" /></control></manifest>