<ImportExportXml version="9.2.23081.184" SolutionPackageVersion="9.2" languagecode="1033" generatedBy="CrmLive" xmlns:xsi="http://www.w3.org/2001/XMLSchema-instance">
  <SolutionManifest>
    <UniqueName>TrafficManaged</UniqueName>
    <LocalizedNames>
      <LocalizedName description="Traffic Managed" languagecode="1033" />
    </LocalizedNames>
    <Descriptions />
    <Version>1.0.0.18</Version>
    <Managed>1</Managed>
    <Publisher>
      <UniqueName>PowerCat</UniqueName>
      <LocalizedNames>
        <LocalizedName description="PowerCAT" languagecode="1033" />
      </LocalizedNames>
      <Descriptions>
        <Description description="PowerCAT" languagecode="1033" />
      </Descriptions>
      <EMailAddress xsi:nil="true"></EMailAddress>
      <SupportingWebsiteUrl xsi:nil="true"></SupportingWebsiteUrl>
      <CustomizationPrefix>cat</CustomizationPrefix>
      <CustomizationOptionValuePrefix>69510</CustomizationOptionValuePrefix>
      <Addresses>
        <Address>
          <AddressNumber>1</AddressNumber>
          <AddressTypeCode>1</AddressTypeCode>
          <City xsi:nil="true"></City>
          <County xsi:nil="true"></County>
          <Country xsi:nil="true"></Country>
          <Fax xsi:nil="true"></Fax>
          <FreightTermsCode xsi:nil="true"></FreightTermsCode>
          <ImportSequenceNumber xsi:nil="true"></ImportSequenceNumber>
          <Latitude xsi:nil="true"></Latitude>
          <Line1 xsi:nil="true"></Line1>
          <Line2 xsi:nil="true"></Line2>
          <Line3 xsi:nil="true"></Line3>
          <Longitude xsi:nil="true"></Longitude>
          <Name xsi:nil="true"></Name>
          <PostalCode xsi:nil="true"></PostalCode>
          <PostOfficeBox xsi:nil="true"></PostOfficeBox>
          <PrimaryContactName xsi:nil="true"></PrimaryContactName>
          <ShippingMethodCode>1</ShippingMethodCode>
          <StateOrProvince xsi:nil="true"></StateOrProvince>
          <Telephone1 xsi:nil="true"></Telephone1>
          <Telephone2 xsi:nil="true"></Telephone2>
          <Telephone3 xsi:nil="true"></Telephone3>
          <TimeZoneRuleVersionNumber xsi:nil="true"></TimeZoneRuleVersionNumber>
          <UPSZone xsi:nil="true"></UPSZone>
          <UTCOffset xsi:nil="true"></UTCOffset>
          <UTCConversionTimeZoneCode xsi:nil="true"></UTCConversionTimeZoneCode>
        </Address>
        <Address>
          <AddressNumber>2</AddressNumber>
          <AddressTypeCode>1</AddressTypeCode>
          <City xsi:nil="true"></City>
          <County xsi:nil="true"></County>
          <Country xsi:nil="true"></Country>
          <Fax xsi:nil="true"></Fax>
          <FreightTermsCode xsi:nil="true"></FreightTermsCode>
          <ImportSequenceNumber xsi:nil="true"></ImportSequenceNumber>
          <Latitude xsi:nil="true"></Latitude>
          <Line1 xsi:nil="true"></Line1>
          <Line2 xsi:nil="true"></Line2>
          <Line3 xsi:nil="true"></Line3>
          <Longitude xsi:nil="true"></Longitude>
          <Name xsi:nil="true"></Name>
          <PostalCode xsi:nil="true"></PostalCode>
          <PostOfficeBox xsi:nil="true"></PostOfficeBox>
          <PrimaryContactName xsi:nil="true"></PrimaryContactName>
          <ShippingMethodCode>1</ShippingMethodCode>
          <StateOrProvince xsi:nil="true"></StateOrProvince>
          <Telephone1 xsi:nil="true"></Telephone1>
          <Telephone2 xsi:nil="true"></Telephone2>
          <Telephone3 xsi:nil="true"></Telephone3>
          <TimeZoneRuleVersionNumber xsi:nil="true"></TimeZoneRuleVersionNumber>
          <UPSZone xsi:nil="true"></UPSZone>
          <UTCOffset xsi:nil="true"></UTCOffset>
          <UTCConversionTimeZoneCode xsi:nil="true"></UTCConversionTimeZoneCode>
        </Address>
      </Addresses>
    </Publisher>
    <RootComponents>
      <RootComponent type="1" schemaName="cat_trafficmanager_link" behavior="0" />
      <RootComponent type="1" schemaName="cat_trafficmanager_linkstats" behavior="0" />
      <RootComponent type="1" schemaName="cat_trafficmanager_settings" behavior="0" />
      <RootComponent type="20" id="{1bdbcbc5-3eb4-ed11-83ff-0022489fd2db}" behavior="0" />
      <RootComponent type="20" id="{7b1c5979-3eb4-ed11-83ff-0022489fd2db}" behavior="0" />
      <RootComponent type="29" id="{124c4c1c-8fba-ed11-83ff-0022489fd062}" behavior="0" />
      <RootComponent type="60" id="{fd597117-c1ba-ed11-83ff-0022489fd062}" behavior="0" />
      <RootComponent type="61" schemaName="cat_HomeIcon" behavior="0" />
      <RootComponent type="61" schemaName="cat_redirect.html" behavior="0" />
      <RootComponent type="61" schemaName="cat_RedirectIcon" behavior="0" />
      <RootComponent type="61" schemaName="cat_redirectnoip.html" behavior="0" />
      <RootComponent type="61" schemaName="cat_RedirectTrafficIcon" behavior="0" />
      <RootComponent type="61" schemaName="cat_RedirectTraffic_CoreStats" behavior="0" />
      <RootComponent type="61" schemaName="cat_show.html" behavior="0" />
      <RootComponent type="61" schemaName="cat_StatsIcon" behavior="0" />
      <RootComponent type="61" schemaName="cat_TrafficmanagedJSLIbrary.js" behavior="0" />
      <RootComponent type="61" schemaName="cat_TrafficManaged_CoreLinks" behavior="0" />
      <RootComponent type="62" schemaName="cat_TrafficManagedApp" behavior="0" />
      <RootComponent type="80" schemaName="cat_TrafficManagedApp" behavior="0" />
      <RootComponent type="91" id="{3969b811-0412-486c-be4d-bccd2b1dd6a1}" schemaName="GetEnvironmentUrlCustomAPI, Version=1.0.0.0, Culture=neutral, PublicKeyToken=09281e5c28415b2d" behavior="0" />
      <RootComponent type="91" id="{db59e9b7-7050-4b19-b00e-6f2a290ee561}" schemaName="TrafficManagerStats, Version=1.0.0.0, Culture=neutral, PublicKeyToken=0f424d3b060ad108" behavior="0" />
      <RootComponent type="92" id="{c43afeff-b0b6-ed11-83ff-0022489fd062}" behavior="0" />
      <RootComponent type="300" schemaName="cat_edittrafficmangedlink_2727a" behavior="0" />
      <RootComponent type="300" schemaName="cat_home_7b17f" behavior="0" />
      <RootComponent type="300" schemaName="cat_redirecttrafficapp_9da9c" behavior="0" />
      <RootComponent type="300" schemaName="cat_testapp_86ac9" behavior="0" />
      <RootComponent type="300" schemaName="cat_trafficmanagedappdefaultcommandlibrary_66b01" behavior="0" />
      <RootComponent type="300" schemaName="cat_trafficmanagedlibrary_d43f6" behavior="0" />
      <RootComponent type="300" schemaName="cat_welcomepage_4d94b" behavior="0" />
    </RootComponents>
    <MissingDependencies>
      <MissingDependency>
        <Required type="1" schemaName="environmentvariabledefinition" displayName="Environment Variable Definition" solution="EnvironmentVariables (1.0.2.276)" />
        <Dependent type="300" schemaName="cat_redirecttrafficapp_9da9c" displayName="Redirect Traffic App" />
      </MissingDependency>
      <MissingDependency>
        <Required type="1" schemaName="environmentvariabledefinition" displayName="Environment Variable Definition" solution="EnvironmentVariables (1.0.2.276)" />
        <Dependent type="300" schemaName="cat_welcomepage_4d94b" displayName="Welcome Page" />
      </MissingDependency>
      <MissingDependency>
        <Required type="1" schemaName="environmentvariablevalue" displayName="Environment Variable Value" solution="EnvironmentVariables (1.0.2.276)" />
        <Dependent type="300" schemaName="cat_redirecttrafficapp_9da9c" displayName="Redirect Traffic App" />
      </MissingDependency>
      <MissingDependency>
        <Required type="1" schemaName="environmentvariablevalue" displayName="Environment Variable Value" solution="EnvironmentVariables (1.0.2.276)" />
        <Dependent type="300" schemaName="cat_welcomepage_4d94b" displayName="Welcome Page" />
      </MissingDependency>
      <MissingDependency>
        <Required type="1" schemaName="msdyn_aimodel" displayName="AI Model" solution="msdyn_AISolution (202308.1.8.7)">
          <package>msdyn_AISolutionAnchor (202308.1.8.7)</package>
        </Required>
        <Dependent type="300" schemaName="cat_testapp_86ac9" displayName="TestApp" />
      </MissingDependency>
      <MissingDependency>
        <Required type="66" schemaName="cat_PowerCAT.CommandBar" displayName="cat_PowerCAT.CommandBar" solution="CreatorKitCore (1.0.20230421.1)">
          <package>CreatorKitCore (1.0.20230421.1)</package>
        </Required>
        <Dependent type="300" schemaName="cat_redirecttrafficapp_9da9c" displayName="Redirect Traffic App" />
      </MissingDependency>
      <MissingDependency>
        <Required type="66" schemaName="cat_PowerCAT.Elevation" displayName="cat_PowerCAT.Elevation" solution="CreatorKitCore (1.0.20230421.1)">
          <package>CreatorKitCore (1.0.20230421.1)</package>
        </Required>
        <Dependent type="300" schemaName="cat_home_7b17f" displayName="Home" />
      </MissingDependency>
      <MissingDependency>
        <Required type="66" schemaName="cat_PowerCAT.Elevation" displayName="cat_PowerCAT.Elevation" solution="CreatorKitCore (1.0.20230421.1)">
          <package>CreatorKitCore (1.0.20230421.1)</package>
        </Required>
        <Dependent type="300" schemaName="cat_welcomepage_4d94b" displayName="Welcome Page" />
      </MissingDependency>
      <MissingDependency>
        <Required type="66" schemaName="cat_PowerCAT.FluentDetailsList" displayName="cat_PowerCAT.FluentDetailsList" solution="CreatorKitCore (1.0.20230421.1)">
          <package>CreatorKitCore (1.0.20230421.1)</package>
        </Required>
        <Dependent type="300" schemaName="cat_redirecttrafficapp_9da9c" displayName="Redirect Traffic App" />
      </MissingDependency>
      <MissingDependency>
        <Required type="66" schemaName="cat_PowerCAT.Icon" displayName="cat_PowerCAT.Icon" solution="CreatorKitCore (1.0.20230421.1)">
          <package>CreatorKitCore (1.0.20230421.1)</package>
        </Required>
        <Dependent type="300" schemaName="cat_home_7b17f" displayName="Home" />
      </MissingDependency>
      <MissingDependency>
        <Required type="66" schemaName="cat_PowerCAT.Icon" displayName="cat_PowerCAT.Icon" solution="CreatorKitCore (1.0.20230421.1)">
          <package>CreatorKitCore (1.0.20230421.1)</package>
        </Required>
        <Dependent type="300" schemaName="cat_welcomepage_4d94b" displayName="Welcome Page" />
      </MissingDependency>
      <MissingDependency>
        <Required type="66" schemaName="cat_PowerCAT.Pivot" displayName="cat_PowerCAT.Pivot" solution="CreatorKitCore (1.0.20230421.1)">
          <package>CreatorKitCore (1.0.20230421.1)</package>
        </Required>
        <Dependent type="300" schemaName="cat_home_7b17f" displayName="Home" />
      </MissingDependency>
      <MissingDependency>
        <Required type="SettingDefinition" displayName="HideNavbar" solution="SettingDefinitionsData (9.1.22112.221109001)" id.uniquename="HideNavbar" />
        <Dependent type="AppSetting" displayName="parentappmoduleid.uniquename=cat_TrafficManagedApp,settingdefinitionid.uniquename=HideNavbar" id.parentappmoduleid.uniquename="cat_TrafficManagedApp" id.settingdefinitionid.uniquename="HideNavbar" />
      </MissingDependency>
    </MissingDependencies>
  </SolutionManifest>
</ImportExportXml>