{"schemaVersion":"1.0","appDefinitionTemplate":{"id":"/providers/Microsoft.PowerApps/apps/","type":"Microsoft.PowerApps/apps","tags":{"minimumRequiredApiVersion":"2.2.0"},"properties":{"appVersion":"2019-09-01T09:54:27Z","lifeCycleId":"Published","createdByClientVersion":{"major":3,"minor":19083,"build":21,"revision":0,"majorRevision":0,"minorRevision":0},"minClientVersion":{"major":3,"minor":19083,"build":21,"revision":0,"majorRevision":0,"minorRevision":0},"backgroundColor":"rgba(0, 176, 240, 1)","backgroundImageUri":"/1645952649183957448/N454f90c4-1343-48f6-9701-ec798f2503a5-logoSmallFile","displayName":"KidApp","description":"","commitMessage":"","appUris":{"documentUri":{"value":"/1645952649183957448/Nc8161ecc-2fce-480e-93bb-81361af67e48-document.msapp","readonlyValue":"/1645952649183957448/Nc8161ecc-2fce-480e-93bb-81361af67e48-document.msapp"},"imageUris":[]},"createdTime":"0001-01-01T00:00:00Z","lastModifiedTime":"0001-01-01T00:00:00Z","sharedGroupsCount":0,"sharedUsersCount":0,"icons":{"smallIconUri":"/1645952649183957448/N16aaf2ed-c998-4621-8221-26628b5a6bec-small.png","mediumIconUri":"/1645952649183957448/Nc7251c5a-7a9e-44d8-adba-47fb2641e928-medium.png","largeIconUri":"/1645952649183957448/Naba35ac0-f0eb-4999-a178-4de32edac39b-large.png","wideIconUri":"/1645952649183957448/N276ac140-2f7e-4c55-9309-da962c1c3d13-wide.png"},"connectionReferences":{},"databaseReferences":{},"almMode":"Environment"},"appComponents":[]}}