<manifest><control namespace="iframeControlRuiSantos" constructor="IFrameControlV6" version="0.0.1" display-name-key="IFrameControlV6" description-key="IFrameControlV5 description" control-type="standard" api-version="1.2.1"><property name="IFrameLocation" display-name-key="IFrameLocation_Key" description-key="Iframe Source" of-type="SingleLine.Text" usage="bound" required="false" /><property name="IFrameLocation_Width" display-name-key="IFrameLocation_Key_Width" description-key="Iframe Width" of-type="SingleLine.Text" usage="bound" required="false" /><property name="IFrameLocation_Height" display-name-key="IFrameLocation_Key_Height" description-key="Iframe Height" of-type="SingleLine.Text" usage="bound" required="false" /><resources><code path="bundle.js" order="1" /></resources><feature-usage><uses-feature name="Device.captureAudio" required="true" /><uses-feature name="Device.captureImage" required="true" /><uses-feature name="Device.captureVideo" required="true" /><uses-feature name="Device.getBarcodeValue" required="true" /><uses-feature name="Device.getCurrentPosition" required="true" /><uses-feature name="Device.pickFile" required="true" /><uses-feature name="Utility" required="true" /><uses-feature name="WebAPI" required="true" /></feature-usage><built-by name="pac" version="1.0.6" /></control></manifest>