<customapi uniquename="cat_GetCurrentEnvironmentUrl">
  <allowedcustomprocessingsteptype>0</allowedcustomprocessingsteptype>
  <bindingtype>0</bindingtype>
  <description default="Get Current Environment Url">
    <label description="Get Current Environment Url" languagecode="1033" />
  </description>
  <displayname default="Get Current Environment Url">
    <label description="Get Current Environment Url" languagecode="1033" />
  </displayname>
  <iscustomizable>0</iscustomizable>
  <isfunction>0</isfunction>
  <isprivate>0</isprivate>
  <name>GetCurrentEnvironmentUrl</name>
  <plugintypeid>
    <plugintypeexportkey>D69F5BDA-AD22-4C8A-BBE8-6C89EB94DC1C</plugintypeexportkey>
  </plugintypeid>
  <workflowsdkstepenabled>0</workflowsdkstepenabled>
</customapi>