<customapi uniquename="cat_GetQRCode">
  <allowedcustomprocessingsteptype>0</allowedcustomprocessingsteptype>
  <bindingtype>0</bindingtype>
  <description default="GetQRCode">
    <label description="GetQRCode" languagecode="1033" />
  </description>
  <displayname default="GetQRCode">
    <label description="GetQRCode" languagecode="1033" />
  </displayname>
  <iscustomizable>1</iscustomizable>
  <isfunction>0</isfunction>
  <isprivate>0</isprivate>
  <name>GetQRCode</name>
  <plugintypeid>
    <plugintypeexportkey>l2RmtjTVr4snJIHHHr2KvSJ09y7FJdcQ60If3gqaPuH9c9vWqQFhtA2pjR9Jtka5H8aj751v4P35oPk3rhTAlg==</plugintypeexportkey>
  </plugintypeid>
  <workflowsdkstepenabled>0</workflowsdkstepenabled>
</customapi>