<manifest><control namespace="SolutionExplorerNamespace" constructor="SolutionExplorerControl" version="0.0.1" display-name-key="SolutionExplorerControl" description-key="SolutionExplorerControl description" control-type="standard" api-version="1.3.4"><data-set name="dataSet" display-name-key="Dataset_Display_Key" cds-data-set-options="displayCommandBar:true;displayViewSelector:true;displayQuickFindSearch:true"><property-set name="fullname" display-name-key="fullname_Display_Key" description-key="fullname_Desc_Key" of-type="SingleLine.Text" usage="bound" required="true" /><property-set name="jobTitle" display-name-key="jobTitle_Display_Key" description-key="jobTitle_Desc_Key" of-type="SingleLine.Text" usage="bound" required="true" /></data-set><property name="azureADAppId" display-name-key="AzureADAppId_Display_Key" description-key="AzureADAppId_Desc_Key" of-type="SingleLine.Text" usage="input" required="true" /><property name="azureADAppAuthority" display-name-key="AzureADAppAuthority_Display_Key" description-key="AzureADAppAuthority_Desc_Key" of-type="SingleLine.Text" usage="input" required="true" /><property name="azureADAppRedirectUrl" display-name-key="AzureADAppRedirectUrl_Display_Key" description-key="AzureADAppRedirectUrl_Desc_Key" of-type="SingleLine.Text" usage="input" required="true" /><external-service-usage enabled="false" /><resources><code path="bundle.js" order="1" /><resx path="strings/SolutionExplorerControl.1033.resx" version="1.0.0" /></resources><feature-usage><uses-feature name="Utility" required="true" /></feature-usage><built-by name="pac" version="1.15.3" /></control></manifest>