<customapi uniquename="cat_GetQRCode">
  <allowedcustomprocessingsteptype>0</allowedcustomprocessingsteptype>
  <bindingtype>0</bindingtype>
  <description default="GetQRCode">
    <label description="GetQRCode" languagecode="1033" />
  </description>
  <displayname default="GetQRCode">
    <label description="GetQRCode" languagecode="1033" />
  </displayname>
  <iscustomizable>1</iscustomizable>
  <isfunction>0</isfunction>
  <isprivate>0</isprivate>
  <name>GetQRCode</name>
  <plugintypeid>
    <plugintypeexportkey>5D0634C164A69C61198192BCD30369FA0E0DF79EEBE35A07A5A9A9FD0E121414</plugintypeexportkey>
  </plugintypeid>
  <workflowsdkstepenabled>0</workflowsdkstepenabled>
</customapi>