{"properties":{"connectionReferences":{},"definition":{"$schema":"https://schema.management.azure.com/providers/Microsoft.Logic/schemas/2016-06-01/workflowdefinition.json#","contentVersion":"1.0.0.0","parameters":{"$authentication":{"defaultValue":{},"type":"SecureObject"}},"triggers":{"manual":{"type":"Request","kind":"PowerApp","inputs":{"schema":{"type":"object","properties":{"Initializevariable_Value":{"type":"string","description":"Enter initial value","x-ms-powerflows-param-ispartial":false}},"required":["Initializevariable_Value"]}}}},"actions":{"Initialize_variable":{"runAfter":{},"type":"InitializeVariable","inputs":{"variables":[{"name":"ContactBase64","type":"string","value":"@{base64(triggerBody()['Initializevariable_Value'])}"}]}},"Response":{"runAfter":{"Initialize_variable":["Succeeded"]},"type":"Response","kind":"Http","inputs":{"statusCode":200,"body":{"Result":"@variables('ContactBase64')"},"schema":{"type":"object","properties":{"Result":{"type":"string"}}}}}},"outputs":{}}},"schemaVersion":"1.0.0.0"}