<ImportExportXml xmlns:xsi="http://www.w3.org/2001/XMLSchema-instance">
  <Entities></Entities>
  <Roles></Roles>
  <Workflows>
    <Workflow WorkflowId="{e4df6d34-fde4-ed11-a7c7-00224805c952}" Name="CallGPTAIBuilder">
      <JsonFileName>/Workflows/CallGPTAIBuilder-E4DF6D34-FDE4-ED11-A7C7-00224805C952.json</JsonFileName>
      <Type>1</Type>
      <Subprocess>0</Subprocess>
      <Category>5</Category>
      <Mode>0</Mode>
      <Scope>4</Scope>
      <OnDemand>0</OnDemand>
      <TriggerOnCreate>0</TriggerOnCreate>
      <TriggerOnDelete>0</TriggerOnDelete>
      <AsyncAutodelete>0</AsyncAutodelete>
      <SyncWorkflowLogOnFailure>0</SyncWorkflowLogOnFailure>
      <StateCode>1</StateCode>
      <StatusCode>2</StatusCode>
      <RunAs>1</RunAs>
      <IsTransacted>1</IsTransacted>
      <IntroducedVersion>1.0.0.5</IntroducedVersion>
      <IsCustomizable>1</IsCustomizable>
      <BusinessProcessType>0</BusinessProcessType>
      <IsCustomProcessingStepAllowedForOtherPublishers>1</IsCustomProcessingStepAllowedForOtherPublishers>
      <PrimaryEntity>none</PrimaryEntity>
      <LocalizedNames>
        <LocalizedName languagecode="1033" description="CallGPTAIBuilder" />
      </LocalizedNames>
    </Workflow>
    <Workflow WorkflowId="{f1749c14-dbef-ed11-8849-002248081a3f}" Name="CallGPTMsft">
      <JsonFileName>/Workflows/CallGPTMsft-F1749C14-DBEF-ED11-8849-002248081A3F.json</JsonFileName>
      <Type>1</Type>
      <Subprocess>0</Subprocess>
      <Category>5</Category>
      <Mode>0</Mode>
      <Scope>4</Scope>
      <OnDemand>0</OnDemand>
      <TriggerOnCreate>0</TriggerOnCreate>
      <TriggerOnDelete>0</TriggerOnDelete>
      <AsyncAutodelete>0</AsyncAutodelete>
      <SyncWorkflowLogOnFailure>0</SyncWorkflowLogOnFailure>
      <StateCode>1</StateCode>
      <StatusCode>2</StatusCode>
      <RunAs>1</RunAs>
      <IsTransacted>1</IsTransacted>
      <IntroducedVersion>1.0.0.6</IntroducedVersion>
      <IsCustomizable>1</IsCustomizable>
      <BusinessProcessType>0</BusinessProcessType>
      <IsCustomProcessingStepAllowedForOtherPublishers>1</IsCustomProcessingStepAllowedForOtherPublishers>
      <PrimaryEntity>none</PrimaryEntity>
      <LocalizedNames>
        <LocalizedName languagecode="1033" description="CallGPTMsft" />
      </LocalizedNames>
    </Workflow>
    <Workflow WorkflowId="{bce2dd54-f9de-ed11-a7c6-0022489c5093}" Name="GetPDFFile">
      <JsonFileName>/Workflows/GetPDFFile-BCE2DD54-F9DE-ED11-A7C6-0022489C5093.json</JsonFileName>
      <Type>1</Type>
      <Subprocess>0</Subprocess>
      <Category>5</Category>
      <Mode>0</Mode>
      <Scope>4</Scope>
      <OnDemand>0</OnDemand>
      <TriggerOnCreate>0</TriggerOnCreate>
      <TriggerOnDelete>0</TriggerOnDelete>
      <AsyncAutodelete>0</AsyncAutodelete>
      <SyncWorkflowLogOnFailure>0</SyncWorkflowLogOnFailure>
      <StateCode>1</StateCode>
      <StatusCode>2</StatusCode>
      <RunAs>1</RunAs>
      <IsTransacted>1</IsTransacted>
      <IntroducedVersion>1.0.0.1</IntroducedVersion>
      <IsCustomizable>1</IsCustomizable>
      <IsCustomProcessingStepAllowedForOtherPublishers>1</IsCustomProcessingStepAllowedForOtherPublishers>
      <PrimaryEntity>none</PrimaryEntity>
      <LocalizedNames>
        <LocalizedName languagecode="1033" description="GetPDFFile" />
      </LocalizedNames>
    </Workflow>
    <Workflow WorkflowId="{aa52d7f4-5ed8-ed11-a7c7-0022489c5516}" Name="CallGPT">
      <JsonFileName>/Workflows/CallGPT-AA52D7F4-5ED8-ED11-A7C7-0022489C5516.json</JsonFileName>
      <Type>1</Type>
      <Subprocess>0</Subprocess>
      <Category>5</Category>
      <Mode>0</Mode>
      <Scope>4</Scope>
      <OnDemand>0</OnDemand>
      <TriggerOnCreate>0</TriggerOnCreate>
      <TriggerOnDelete>0</TriggerOnDelete>
      <AsyncAutodelete>0</AsyncAutodelete>
      <SyncWorkflowLogOnFailure>0</SyncWorkflowLogOnFailure>
      <StateCode>1</StateCode>
      <StatusCode>2</StatusCode>
      <RunAs>1</RunAs>
      <IsTransacted>1</IsTransacted>
      <IntroducedVersion>1.0.0.0</IntroducedVersion>
      <IsCustomizable>1</IsCustomizable>
      <IsCustomProcessingStepAllowedForOtherPublishers>1</IsCustomProcessingStepAllowedForOtherPublishers>
      <PrimaryEntity>none</PrimaryEntity>
      <LocalizedNames>
        <LocalizedName languagecode="1033" description="CallGPT" />
      </LocalizedNames>
    </Workflow>
  </Workflows>
  <FieldSecurityProfiles></FieldSecurityProfiles>
  <Templates />
  <EntityMaps />
  <EntityRelationships />
  <OrganizationSettings />
  <optionsets />
  <CustomControls />
  <EntityDataProviders />
  <CanvasApps>
    <CanvasApp>
      <Name>cat_searchdocumentsapp_5b57a</Name>
      <AppVersion>2023-05-12T07:50:12Z</AppVersion>
      <Status>Ready</Status>
      <CreatedByClientVersion>3.23044.17.0</CreatedByClientVersion>
      <MinClientVersion>3.23044.17.0</MinClientVersion>
      <Tags>{"primaryDeviceWidth":"1366","primaryDeviceHeight":"768","supportsPortrait":"true","supportsLandscape":"true","primaryFormFactor":"Tablet","publisherVersion":"3.23044.17","minimumRequiredApiVersion":"2.2.0","hasComponent":"true","hasUnlockedComponent":"false","isUnifiedRootApp":"false","sienaVersion":"20230511T103454Z-3.23044.17.0"}</Tags>
      <IsCdsUpgraded>0</IsCdsUpgraded>
      <GalleryItemId xsi:nil="true"></GalleryItemId>
      <BackgroundColor>RGBA(0,176,240,1)</BackgroundColor>
      <DisplayName>SearchDocumentsApp</DisplayName>
      <Description xsi:nil="true"></Description>
      <CommitMessage xsi:nil="true"></CommitMessage>
      <Publisher></Publisher>
      <AuthorizationReferences>[]</AuthorizationReferences>
      <ConnectionReferences>{"1aa5a98c-97c2-41fe-b899-ff7fd382cd2f":{"id":"/providers/microsoft.powerapps/apis/shared_sharepointonline","displayName":"SharePoint","iconUri":"https://connectoricons-prod.azureedge.net/releases/v1.0.1627/1.0.1627.3238/sharepointonline/icon.png","dataSources":["Documents"],"dependencies":[],"dependents":["8d4d17a4-9e2a-4ad4-9e92-ac333ceeb705"],"parameterHints":{},"parameterHintsV2":{},"isOnPremiseConnection":false,"bypassConsent":false,"dataSets":{"https://mrnorway.sharepoint.com/sites/ChatGPTDocument":{"dataSources":{"Documents":{"tableName":"76509ad2-2f80-49cf-945e-2652bb40f040"}}}},"apiTier":"Standard","actions":["providers/PowerPlatform.Governance/Operations/Read"]},"8d4d17a4-9e2a-4ad4-9e92-ac333ceeb705":{"id":"/providers/microsoft.powerapps/apis/shared_logicflows","displayName":"Logic flows","iconUri":"https://connectoricons-prod.azureedge.net/releases/v1.0.1615/1.0.1615.3163/logicflows/icon.png","dataSources":["GetPDFFile"],"dependencies":["1aa5a98c-97c2-41fe-b899-ff7fd382cd2f"],"dependents":[],"parameterHints":{"workflowName":{"value":"2c2d3916-36f3-4b85-b7b4-73fdc8c4aacc"},"workflowEntityId":{"value":"bce2dd54-f9de-ed11-a7c6-0022489c5093"},"1aa5a98c-97c2-41fe-b899-ff7fd382cd2f":{"value":"shared_sharepointonline"}},"parameterHintsV2":{"workflowName":{"value":"2c2d3916-36f3-4b85-b7b4-73fdc8c4aacc"},"workflowEntityId":{"value":"bce2dd54-f9de-ed11-a7c6-0022489c5093"},"shared_sharepointonline":{"value":"1aa5a98c-97c2-41fe-b899-ff7fd382cd2f"}},"isOnPremiseConnection":false,"bypassConsent":false,"dataSets":{},"apiTier":"Standard","actions":["Run"]},"b2a9c7c6-5ec4-43ca-9843-a66aa36278b3":{"id":"/providers/microsoft.powerapps/apis/shared_logicflows","displayName":"Logic flows","iconUri":"https://connectoricons-prod.azureedge.net/releases/v1.0.1615/1.0.1615.3163/logicflows/icon.png","dataSources":["CallGPT"],"dependencies":[],"dependents":[],"parameterHints":{"workflowName":{"value":"cadb7690-54d8-4000-bca5-80d4f95347e4"},"workflowEntityId":{"value":"aa52d7f4-5ed8-ed11-a7c7-0022489c5516"}},"parameterHintsV2":{"workflowName":{"value":"cadb7690-54d8-4000-bca5-80d4f95347e4"},"workflowEntityId":{"value":"aa52d7f4-5ed8-ed11-a7c7-0022489c5516"}},"isOnPremiseConnection":false,"bypassConsent":false,"dataSets":{},"apiTier":"Standard"},"5c719196-79d4-446b-87c8-6577629cb499":{"id":"/providers/microsoft.powerapps/apis/shared_logicflows","displayName":"Logic flows","iconUri":"https://connectoricons-prod.azureedge.net/releases/v1.0.1615/1.0.1615.3163/logicflows/icon.png","dataSources":["CallGPTAIBuilder"],"dependencies":["2269dd32-cfeb-4c22-9c48-49c88877f388"],"dependents":[],"parameterHints":{"workflowName":{"value":"1d93d27d-1f30-4e7f-b080-d952c41c5020"},"workflowEntityId":{"value":"e4df6d34-fde4-ed11-a7c7-00224805c952"},"2269dd32-cfeb-4c22-9c48-49c88877f388":{"value":"shared_commondataserviceforapps"}},"parameterHintsV2":{"workflowName":{"value":"1d93d27d-1f30-4e7f-b080-d952c41c5020"},"workflowEntityId":{"value":"e4df6d34-fde4-ed11-a7c7-00224805c952"},"shared_commondataserviceforapps":{"value":"2269dd32-cfeb-4c22-9c48-49c88877f388"}},"isOnPremiseConnection":false,"bypassConsent":false,"dataSets":{},"apiTier":"Standard","actions":["Run"]},"2269dd32-cfeb-4c22-9c48-49c88877f388":{"id":"/providers/microsoft.powerapps/apis/shared_commondataserviceforapps","displayName":"Microsoft Dataverse","iconUri":"https://connectoricons-prod.azureedge.net/releases/v1.0.1628/1.0.1628.3245/commondataserviceforapps/icon.png","dataSources":[],"dependencies":[],"dependents":["5c719196-79d4-446b-87c8-6577629cb499"],"parameterHints":{},"parameterHintsV2":{},"isOnPremiseConnection":false,"bypassConsent":false,"dataSets":{},"apiTier":"Premium"},"1c433cc4-cabe-4836-acad-78f03e493b07":{"id":"/providers/microsoft.powerapps/apis/shared_logicflows","displayName":"Logic flows","iconUri":"https://connectoricons-prod.azureedge.net/releases/v1.0.1615/1.0.1615.3163/logicflows/icon.png","dataSources":["CallGPTMsft"],"dependencies":["9be6cb9b-ab9b-4191-9ecf-a0cc407d350b"],"dependents":[],"parameterHints":{"workflowName":{"value":"fe1ebbd6-7f91-4c22-949c-c8aaeeb502f5"},"workflowEntityId":{"value":"f1749c14-dbef-ed11-8849-002248081a3f"},"9be6cb9b-ab9b-4191-9ecf-a0cc407d350b":{"value":"shared_cognitiveservicestextanalytics_1"}},"parameterHintsV2":{"workflowName":{"value":"fe1ebbd6-7f91-4c22-949c-c8aaeeb502f5"},"workflowEntityId":{"value":"f1749c14-dbef-ed11-8849-002248081a3f"},"shared_cognitiveservicestextanalytics_1":{"value":"9be6cb9b-ab9b-4191-9ecf-a0cc407d350b"}},"isOnPremiseConnection":false,"bypassConsent":false,"dataSets":{},"apiTier":"Standard","actions":["Run"]},"9be6cb9b-ab9b-4191-9ecf-a0cc407d350b":{"id":"/providers/microsoft.powerapps/apis/shared_cognitiveservicestextanalytics","xrmConnectionReferenceLogicalName":"cat_sharedcognitiveservicestextanalytics_88bd9","displayName":"Azure Cognitive Service for Language","iconUri":"https://connectoricons-prod.azureedge.net/releases/v1.0.1626/1.0.1626.3238/cognitiveservicestextanalytics/icon.png","dataSources":[],"dependencies":[],"dependents":["1c433cc4-cabe-4836-acad-78f03e493b07"],"parameterHints":{},"parameterHintsV2":{},"isOnPremiseConnection":false,"sharedConnectionId":"db92f728-5e3f-43c5-9c6c-b8c2f982a683","bypassConsent":false,"dataSets":{},"apiTier":"Standard","authenticationType":"keyBasedAuth"}}</ConnectionReferences>
      <DatabaseReferences>{"default.cds":{"databaseDetails":{"referenceType":"Environmental","environmentName":"default.cds","overrideValues":{"status":"NotSpecified"}},"dataSources":{},"components":[{"componentName":"CustomControl","identifier":"cat_PowerCAT.Elevation","identifierType":"LogicalName","capabilities":{"pcfExternalServiceUsageAllowed":false}},{"componentName":"CustomControl","identifier":"cat_PowerCAT.Elevation","identifierType":"LogicalName","capabilities":{"pcfExternalServiceUsageAllowed":false}},{"componentName":"CustomControl","identifier":"cat_PowerCAT.Elevation","identifierType":"LogicalName","capabilities":{"pcfExternalServiceUsageAllowed":false}},{"componentName":"CustomControl","identifier":"cat_PowerCAT.Elevation","identifierType":"LogicalName","capabilities":{"pcfExternalServiceUsageAllowed":false}},{"componentName":"CustomControl","identifier":"rui_iframeControlRuiSantos.IFrameControlV6","identifierType":"LogicalName","capabilities":{"pcfExternalServiceUsageAllowed":false}}]}}</DatabaseReferences>
      <AppComponents>[]</AppComponents>
      <AppComponentDependencies>[{"appComponentName":"2e88179d732a402184a767c94eab038b","appName":"d03fcfd8-f662-4244-80c4-7c7bb734b18e","appComponentLibraryName":"34c72288-e991-4e9f-8930-8477f449004a","appComponentLibraryVersion":"2022-11-17T08:04:04Z","appComponentLibraryLogicalName":"cat_powercatcomponentlibrary_0be3a","environmentName":"2d62d881-baa0-e192-b236-b737af3d9a00"},{"appComponentName":"6da4b2f929d240969e49e05e10e720ce","appName":"d03fcfd8-f662-4244-80c4-7c7bb734b18e","appComponentLibraryName":"34c72288-e991-4e9f-8930-8477f449004a","appComponentLibraryVersion":"2022-11-17T08:04:04Z","appComponentLibraryLogicalName":"cat_powercatcomponentlibrary_0be3a","environmentName":"2d62d881-baa0-e192-b236-b737af3d9a00"}]</AppComponentDependencies>
      <CanConsumeAppPass>1</CanConsumeAppPass>
      <CanvasAppType>0</CanvasAppType>
      <BypassConsent>0</BypassConsent>
      <AdminControlBypassConsent>0</AdminControlBypassConsent>
      <EmbeddedApp xsi:nil="true"></EmbeddedApp>
      <IntroducedVersion>1.0</IntroducedVersion>
      <CdsDependencies>{"cdsdependencies":[{"dependencyid":"bce2dd54-f9de-ed11-a7c6-0022489c5093","componenttype":29,"componenttypeplatformname":"Workflow"},{"dependencyid":"aa52d7f4-5ed8-ed11-a7c7-0022489c5516","componenttype":29,"componenttypeplatformname":"Workflow"},{"dependencyid":"e4df6d34-fde4-ed11-a7c7-00224805c952","componenttype":29,"componenttypeplatformname":"Workflow"},{"dependencyid":"f1749c14-dbef-ed11-8849-002248081a3f","componenttype":29,"componenttypeplatformname":"Workflow"},{"dependencyid":"","logicalname":"cat_PowerCAT.Elevation","componenttype":66,"componenttypeplatformname":"CustomControl"},{"dependencyid":"","logicalname":"cat_PowerCAT.Elevation","componenttype":66,"componenttypeplatformname":"CustomControl"},{"dependencyid":"","logicalname":"cat_PowerCAT.Elevation","componenttype":66,"componenttypeplatformname":"CustomControl"},{"dependencyid":"","logicalname":"cat_PowerCAT.Elevation","componenttype":66,"componenttypeplatformname":"CustomControl"},{"dependencyid":"","logicalname":"rui_iframeControlRuiSantos.IFrameControlV6","componenttype":66,"componenttypeplatformname":"CustomControl"},{"logicalname":"cat_sharedcognitiveservicestextanalytics_88bd9","componenttype":10066,"componenttypeplatformname":"ConnectionReference"},{"logicalname":"cat_powercatcomponentlibrary_0be3a","componenttype":300,"componenttypeplatformname":"CanvasApp"}]}</CdsDependencies>
      <IsCustomizable>1</IsCustomizable>
      <BackgroundImageUri>/CanvasApps/cat_searchdocumentsapp_5b57a_BackgroundImageUri</BackgroundImageUri>
      <DocumentUri>/CanvasApps/cat_searchdocumentsapp_5b57a_DocumentUri.msapp</DocumentUri>
    </CanvasApp>
  </CanvasApps>
  <connectionreferences>
    <connectionreference connectionreferencelogicalname="cat_SearchDoc_SharepointPdfFolder">
      <connectionreferencedisplayname>SearchDoc_SharepointPdfFolder</connectionreferencedisplayname>
      <connectorid>/providers/Microsoft.PowerApps/apis/shared_sharepointonline</connectorid>
      <description>Connection to docs folder in SP</description>
      <iscustomizable>1</iscustomizable>
      <statecode>0</statecode>
      <statuscode>1</statuscode>
    </connectionreference>
    <connectionreference connectionreferencelogicalname="cat_sharedcognitiveservicestextanalytics_88bd9">
      <connectionreferencedisplayname>Azure Cognitive Service for Language SearchDocuments-88bd9</connectionreferencedisplayname>
      <connectorid>/providers/Microsoft.PowerApps/apis/shared_cognitiveservicestextanalytics</connectorid>
      <iscustomizable>1</iscustomizable>
      <statecode>0</statecode>
      <statuscode>1</statuscode>
    </connectionreference>
    <connectionreference connectionreferencelogicalname="cat_sharedcognitiveservicestextanalytics_96b44">
      <connectionreferencedisplayname>SearchDoc_AzureCognitiveServiceforLanguage</connectionreferencedisplayname>
      <connectorid>/providers/Microsoft.PowerApps/apis/shared_cognitiveservicestextanalytics</connectorid>
      <description>Use this connection to get the results from the different documents</description>
      <iscustomizable>1</iscustomizable>
      <statecode>0</statecode>
      <statuscode>1</statuscode>
    </connectionreference>
    <connectionreference connectionreferencelogicalname="ekas_sharedcommondataserviceforapps_918e8">
      <connectionreferencedisplayname>Microsoft Dataverse DigitalBusinessCard-918e8</connectionreferencedisplayname>
      <connectorid>/providers/Microsoft.PowerApps/apis/shared_commondataserviceforapps</connectorid>
      <iscustomizable>1</iscustomizable>
      <statecode>0</statecode>
      <statuscode>1</statuscode>
    </connectionreference>
  </connectionreferences>
  <Languages>
    <Language>1033</Language>
  </Languages>
</ImportExportXml>