{"schemaVersion":"1.0","appDefinitionTemplate":{"id":"/providers/Microsoft.PowerApps/apps/","type":"Microsoft.PowerApps/apps","tags":{"minimumRequiredApiVersion":"2.2.0"},"properties":{"appVersion":"2019-09-29T06:38:30Z","lifeCycleId":"Published","createdByClientVersion":{"major":3,"minor":19093,"build":16,"revision":0,"majorRevision":0,"minorRevision":0},"minClientVersion":{"major":3,"minor":19093,"build":16,"revision":0,"majorRevision":0,"minorRevision":0},"backgroundColor":"rgba(0, 176, 240, 1)","backgroundImageUri":"/13903914360756256088/N942c06d7-f664-4ee8-803b-14cd33e187a5-logoSmallFile","displayName":"PowerCall","description":"","commitMessage":"","appUris":{"documentUri":{"value":"/13903914360756256088/N04cb3504-c442-4f84-b235-06bd96488834-document.msapp","readonlyValue":"/13903914360756256088/N04cb3504-c442-4f84-b235-06bd96488834-document.msapp"},"imageUris":[]},"createdTime":"0001-01-01T00:00:00Z","lastModifiedTime":"0001-01-01T00:00:00Z","sharedGroupsCount":0,"sharedUsersCount":0,"icons":{"smallIconUri":"/13903914360756256088/Nacadf71f-900b-4489-8689-ec9b266ad5c4-small.png","mediumIconUri":"/13903914360756256088/N4c2c1361-ad96-4dfc-969c-327a5d2e0ebd-medium.png","largeIconUri":"/13903914360756256088/Nb07b2386-1f85-4d0e-b608-da98ad5e1e59-large.png","wideIconUri":"/13903914360756256088/Nf0711a1c-1f39-404c-bc52-a6deccc68873-wide.png"},"connectionReferences":{},"databaseReferences":{"default.cds":{"databaseDetails":{"referenceType":"Environmental","environmentName":"default.cds"},"dataSources":{"Appointments":{"entitySetName":"appointments","logicalName":"appointment"},"Phone Calls":{"entitySetName":"phonecalls","logicalName":"phonecall"},"Tasks":{"entitySetName":"tasks","logicalName":"task"},"Contacts":{"entitySetName":"contacts","logicalName":"contact"},"Cases":{"entitySetName":"incidents","logicalName":"incident"},"Opportunities":{"entitySetName":"opportunities","logicalName":"opportunity"},"Forms Pro survey responses":{"entitySetName":"msfp_surveyresponses","logicalName":"msfp_surveyresponse"},"Work Orders":{"entitySetName":"msdyn_workorders","logicalName":"msdyn_workorder"},"Accounts":{"entitySetName":"accounts","logicalName":"account"},"Connections":{"entitySetName":"connections","logicalName":"connection"},"Check-ins":{"entitySetName":"msevtmgt_checkins","logicalName":"msevtmgt_checkin"}}}},"almMode":"Environment"},"appComponents":[]}}