<appaction uniquename="cat__Edit!2a374280e05e4db19f3dea755bfd410b!cat_TrafficManagedApp!cat_trafficmanager_link!1">
  <appmoduleid>
    <uniquename>cat_TrafficManagedApp</uniquename>
  </appmoduleid>
  <buttonlabeltext default="Edit">
    <label description="Edit" languagecode="1033" />
  </buttonlabeltext>
  <buttonsequencepriority>7.5000000000</buttonsequencepriority>
  <context>1</context>
  <contextentity>
    <logicalname>cat_trafficmanager_link</logicalname>
  </contextentity>
  <contextvalue>cat_trafficmanager_link</contextvalue>
  <hidden>0</hidden>
  <iconwebresourceid>
    <webresourceid>41441729-35b4-ed11-83ff-0022489fd062</webresourceid>
  </iconwebresourceid>
  <iscustomizable>1</iscustomizable>
  <isgrouptitlehidden>0</isgrouptitlehidden>
  <location>1</location>
  <name>Edit!2a374280e05e4db19f3dea755bfd410b</name>
  <onclickeventjavascriptfunctionname>OpenCustomPageInlineFullRecord</onclickeventjavascriptfunctionname>
  <onclickeventjavascriptparameters>[{"type":21,"value":"cat_edittrafficmangedlink_2727a"},{"type":2},{"type":10}]</onclickeventjavascriptparameters>
  <onclickeventjavascriptwebresourceid>
    <webresourceid>78afe460-53c0-ed11-83ff-6045bd8c5405</webresourceid>
  </onclickeventjavascriptwebresourceid>
  <onclickeventtype>2</onclickeventtype>
  <statecode>0</statecode>
  <statuscode>1</statuscode>
  <type>0</type>
  <visibilityformulacomponentlibraryid>
    <name>cat_trafficmanagedappdefaultcommandlibrary_66b01</name>
  </visibilityformulacomponentlibraryid>
  <visibilityformulacomponentname>8241f378d5d44eeb8e2090bc3c9435b3</visibilityformulacomponentname>
  <visibilityformulafunctionname>Visible</visibilityformulafunctionname>
  <visibilitytype>1</visibilitytype>
</appaction>