<appaction uniquename="cat__New!6f9317de589f42c3ab5303f6fd953e61!cat_TrafficManagedApp!cat_trafficmanager_link!1">
  <appmoduleid>
    <uniquename>cat_TrafficManagedApp</uniquename>
  </appmoduleid>
  <buttonlabeltext default="New">
    <label description="New" languagecode="1033" />
  </buttonlabeltext>
  <buttonsequencepriority>5.0000000000</buttonsequencepriority>
  <context>1</context>
  <contextentity>
    <logicalname>cat_trafficmanager_link</logicalname>
  </contextentity>
  <contextvalue>cat_trafficmanager_link</contextvalue>
  <hidden>0</hidden>
  <iconwebresourceid>
    <webresourceid>41441729-35b4-ed11-83ff-0022489fd062</webresourceid>
  </iconwebresourceid>
  <iscustomizable>1</iscustomizable>
  <isgrouptitlehidden>0</isgrouptitlehidden>
  <location>1</location>
  <name>New!6f9317de589f42c3ab5303f6fd953e61</name>
  <onclickeventformulacomponentlibraryid>
    <name>cat_trafficmanagedappdefaultcommandlibrary_66b01</name>
  </onclickeventformulacomponentlibraryid>
  <onclickeventformulacomponentname>72e20fda7e4d49fcaa18d57d7a7b01b5</onclickeventformulacomponentname>
  <onclickeventformulafunctionname>OnSelect</onclickeventformulafunctionname>
  <onclickeventtype>1</onclickeventtype>
  <statecode>0</statecode>
  <statuscode>1</statuscode>
  <type>0</type>
  <visibilitytype>0</visibilitytype>
</appaction>