{
  "properties": {
    "connectionReferences": {
      "shared_commondataserviceforapps_1": {
        "runtimeSource": "embedded",
        "connection": {
          "connectionReferenceLogicalName": "cat_GetTrafficManaged_StatsConnectionRef"
        },
        "api": {
          "name": "shared_commondataserviceforapps"
        }
      }
    },
    "definition": {
      "$schema": "https://schema.management.azure.com/providers/Microsoft.Logic/schemas/2016-06-01/workflowdefinition.json#",
      "contentVersion": "1.0.0.0",
      "parameters": {
        "$connections": {
          "defaultValue": {},
          "type": "Object"
        },
        "$authentication": {
          "defaultValue": {},
          "type": "SecureObject"
        }
      },
      "triggers": {
        "manual": {
          "metadata": {
            "operationMetadataId": "4e833e85-1595-4a6b-b44d-5638f2ea907b"
          },
          "type": "Request",
          "kind": "PowerApp",
          "inputs": {
            "schema": {
              "type": "object",
              "properties": {},
              "required": []
            }
          }
        }
      },
      "actions": {
        "TotalDistinctUsers": {
          "runAfter": {
            "NumberOfClicks": [
              "Succeeded"
            ]
          },
          "metadata": {
            "operationMetadataId": "c9975297-ddd5-42a0-b066-19fde6236e38"
          },
          "type": "OpenApiConnection",
          "inputs": {
            "host": {
              "connectionName": "shared_commondataserviceforapps_1",
              "operationId": "ListRecords",
              "apiId": "/providers/Microsoft.PowerApps/apis/shared_commondataserviceforapps"
            },
            "parameters": {
              "entityName": "cat_trafficmanager_linkstatses",
              "fetchXml": "<fetch distinct=\"true\" aggregate=\"true\">\n  <entity name=\"cat_trafficmanager_linkstats\">\n    <attribute name=\"cat_requestoruser\" distinct=\"true\" aggregate=\"countcolumn\" alias=\"TotalDistinctUsers\" />\n<filter type=\"and\">\n      <condition attribute=\"statecode\" operator=\"eq\" value=\"0\" />\n    </filter>\n  </entity>\n\n</fetch>"
            },
            "authentication": {
              "type": "Raw",
              "value": "@json(decodeBase64(triggerOutputs().headers['X-MS-APIM-Tokens']))['$ConnectionKey']"
            }
          }
        },
        "NumberOfClicks": {
          "runAfter": {
            "NumberOfClicksLastMonth": [
              "Succeeded"
            ]
          },
          "metadata": {
            "operationMetadataId": "c9975297-ddd5-42a0-b066-19fde6236e38"
          },
          "type": "OpenApiConnection",
          "inputs": {
            "host": {
              "connectionName": "shared_commondataserviceforapps_1",
              "operationId": "ListRecords",
              "apiId": "/providers/Microsoft.PowerApps/apis/shared_commondataserviceforapps"
            },
            "parameters": {
              "entityName": "cat_trafficmanager_linkstatses",
              "fetchXml": "<fetch distinct=\"false\" mapping=\"logical\" aggregate=\"true\">\n  <entity name=\"cat_trafficmanager_linkstats\">\n    <attribute name=\"cat_trafficmanager_linkstatsid\" aggregate=\"count\" alias=\"NumberOfClicks\" />\n  </entity>\n </fetch>\n"
            },
            "authentication": {
              "type": "Raw",
              "value": "@json(decodeBase64(triggerOutputs().headers['X-MS-APIM-Tokens']))['$ConnectionKey']"
            }
          }
        },
        "NumberOfClicksLastMonth": {
          "runAfter": {},
          "metadata": {
            "operationMetadataId": "55730c5d-5f69-48ad-ad3f-a2006e407b8e"
          },
          "type": "OpenApiConnection",
          "inputs": {
            "host": {
              "connectionName": "shared_commondataserviceforapps_1",
              "operationId": "ListRecords",
              "apiId": "/providers/Microsoft.PowerApps/apis/shared_commondataserviceforapps"
            },
            "parameters": {
              "entityName": "cat_trafficmanager_linkstatses",
              "fetchXml": "<fetch distinct=\"false\" mapping=\"logical\" aggregate=\"true\">\n  <entity name=\"cat_trafficmanager_linkstats\">\n    <attribute name=\"cat_trafficmanager_linkstatsid\" aggregate=\"count\" alias=\"NumberOfClicksLastMonth\" />\n    <filter type=\"and\">\n      <condition attribute=\"createdon\" operator=\"last-month\" value=\"1\" />\n    </filter>\n  </entity>\n</fetch>"
            },
            "authentication": {
              "type": "Raw",
              "value": "@json(decodeBase64(triggerOutputs().headers['X-MS-APIM-Tokens']))['$ConnectionKey']"
            }
          }
        },
        "Response": {
          "runAfter": {
            "TotalShortLinks": [
              "Succeeded"
            ]
          },
          "metadata": {
            "operationMetadataId": "0866da82-ced5-4b72-a3c7-9b4009382fee"
          },
          "type": "Response",
          "kind": "Http",
          "inputs": {
            "statusCode": 200,
            "body": {
              "NumberOfClicksLastMonth": "@{first(outputs('NumberOfClicksLastMonth')?['body/value'])['NumberOfClicksLastMonth']}",
              "NumberOfClicks": "@{first(outputs('NumberOfClicks')?['body/value'])['NumberOfClicks']}",
              "TotalDistinctUsers": "@{first(outputs('TotalDistinctUsers')?['body/value'])['TotalDistinctUsers']}",
              "TotalShortLinks": "@{first(outputs('TotalShortLinks')?['body/value'])['TotalShortLinks']}"
            },
            "schema": {
              "type": "object",
              "properties": {
                "NumberOfClicksLastMonth": {
                  "type": "string"
                },
                "NumberOfClicks": {
                  "type": "string"
                },
                "TotalDistinctUsers": {
                  "type": "string"
                },
                "TotalShortLinks": {
                  "type": "string"
                }
              }
            }
          }
        },
        "TotalShortLinks": {
          "runAfter": {
            "TotalDistinctUsers": [
              "Succeeded"
            ]
          },
          "metadata": {
            "operationMetadataId": "c9975297-ddd5-42a0-b066-19fde6236e38"
          },
          "type": "OpenApiConnection",
          "inputs": {
            "host": {
              "connectionName": "shared_commondataserviceforapps_1",
              "operationId": "ListRecords",
              "apiId": "/providers/Microsoft.PowerApps/apis/shared_commondataserviceforapps"
            },
            "parameters": {
              "entityName": "cat_trafficmanager_links",
              "fetchXml": "<fetch distinct=\"true\" aggregate=\"true\">\n  <entity name=\"cat_trafficmanager_link\">\n    <attribute name=\"cat_name\" distinct=\"true\" aggregate=\"countcolumn\" alias=\"TotalShortLinks\" />\n    <filter type=\"and\">\n      <condition attribute=\"statecode\" operator=\"eq\" value=\"0\" />\n    </filter>\n  </entity>\n</fetch>"
            },
            "authentication": {
              "type": "Raw",
              "value": "@json(decodeBase64(triggerOutputs().headers['X-MS-APIM-Tokens']))['$ConnectionKey']"
            }
          }
        }
      }
    },
    "templateName": ""
  },
  "schemaVersion": "1.0.0.0"
}